Black Body Radiation Experiment Fri, Nov 29, 2024 1:12 PM
Sensor Position (Degrees)	Light Intensity (Volts)
0.00000	-0.03143
0.00000	-0.03160
0.00000	-0.03063
0.00000	-0.02886
0.00000	-0.02725
0.00000	-0.03288
0.00000	-0.02886
0.00000	-0.03320
0.00000	-0.03095
0.00000	-0.02741
0.00000	-0.03079
0.00000	-0.03143
0.00000	-0.03031
0.00000	-0.03385
0.00000	-0.03256
0.00000	-0.02999
0.00000	-0.03481
0.00000	-0.02725
0.00000	-0.03063
0.00000	-0.03192
0.00000	-0.02982
0.00000	-0.03481
0.00000	-0.03562
0.00000	-0.02999
0.00000	-0.03208
0.00000	-0.03224
0.00000	-0.02612
0.00000	-0.02838
0.00000	-0.03063
0.00000	-0.03675
0.00000	-0.03288
0.00000	-0.03256
0.00000	-0.02999
0.00000	-0.03127
0.00000	-0.03095
0.00000	-0.02805
0.00000	-0.03337
0.00000	-0.03385
0.00000	-0.03288
0.00000	-0.03337
0.00000	-0.02950
0.00000	-0.03127
0.00000	-0.03240
0.00000	-0.02789
0.00000	-0.03079
0.00000	-0.02999
0.00000	-0.02870
0.00000	-0.03095
0.00000	-0.03433
0.00000	-0.03143
0.00000	-0.03208
0.00000	-0.03079
0.00000	-0.03079
0.00000	-0.03127
0.00000	-0.03562
0.00000	-0.02838
0.00000	-0.02934
0.01015	-0.02757
0.04061	-0.02725
0.10152	-0.03031
0.14213	-0.02902
0.32487	-0.03111
0.46701	-0.02918
0.54822	-0.03465
0.73096	-0.02966
0.84264	-0.03079
0.92386	-0.03224
1.11675	-0.03176
1.23858	-0.03192
1.30964	-0.03337
1.47208	-0.02773
1.56345	-0.02854
1.62437	-0.03385
1.79695	-0.02773
1.89848	-0.03063
1.96954	-0.02902
2.18274	-0.03111
2.31472	-0.03176
2.41624	-0.02934
2.57868	-0.03691
2.65990	-0.02999
2.71066	-0.02741
2.87310	-0.02677
2.95431	-0.02741
2.99492	-0.03369
3.11675	-0.03047
3.21827	-0.02805
3.28934	-0.02677
3.49239	-0.03240
3.59391	-0.02467
3.63452	-0.02934
3.78680	-0.03031
3.87817	-0.02982
3.93909	-0.03176
4.12183	-0.03063
4.24365	-0.03337
4.32487	-0.02982
4.45685	-0.03111
4.56853	-0.03578
4.60914	-0.02822
4.75127	-0.03320
4.87310	-0.03127
4.93401	-0.02822
5.19797	-0.03176
5.47208	-0.02628
5.61421	-0.03095
6.07107	-0.03369
6.36548	-0.03562
6.78173	-0.02789
6.99492	-0.03079
7.12690	-0.02854
7.56345	-0.03095
7.86802	-0.02757
8.01015	-0.03160
8.31472	-0.03127
8.51777	-0.03047
8.61929	-0.02950
9.00508	-0.03015
9.24873	-0.02532
9.36041	-0.02483
9.74619	-0.02709
10.02030	-0.03385
10.46701	-0.02644
10.68020	-0.02886
10.76142	-0.03578
10.99492	-0.02693
11.12690	-0.02661
11.17766	-0.02854
11.37056	-0.03031
11.53299	-0.02741
11.82741	-0.02838
12.12183	-0.03176
12.54822	-0.02403
12.83249	-0.02950
13.39086	-0.03127
13.67513	-0.03047
14.12183	-0.02677
14.38579	-0.02500
14.54822	-0.02725
14.96447	-0.02564
15.18782	-0.02371
15.46193	-0.02516
15.65482	-0.02049
16.02030	-0.01824
16.31472	-0.01727
16.57868	-0.01679
17.11675	-0.00359
17.38071	0.00317
17.63452	0.00897
18.19289	0.03343
18.45685	0.05387
18.70051	0.07319
19.22843	0.14739
19.46193	0.19278
19.70558	0.25362
20.34518	0.50939
20.71066	0.75710
21.05584	1.09383
21.61421	1.73927
21.90863	2.03978
22.18274	2.30054
22.80203	2.65192
23.10660	2.65433
23.36041	2.54697
23.81726	2.16453
24.06091	1.89009
24.15228	1.77356
24.45685	1.41510
24.64975	1.19620
24.74112	1.09688
24.99492	0.82519
25.15736	0.66149
25.22843	0.60821
25.44162	0.44420
25.60406	0.35310
25.67513	0.31012
25.89848	0.21628
26.07107	0.17685
26.14213	0.14981
26.35533	0.10184
26.49746	0.07094
26.56853	0.06273
26.80203	0.03601
26.96447	0.02635
27.03553	0.01943
27.26904	0.01380
27.42132	-0.00133
27.49239	0.00172
27.68528	-0.00246
27.78680	-0.00472
27.83756	-0.01083
28.02030	-0.01341
28.20305	-0.01791
28.28426	-0.01486
28.63959	-0.02145
28.92386	-0.01791
29.05584	-0.01968
29.55330	-0.02178
30.00000	-0.02129
30.25381	-0.02548
31.01523	-0.02612
31.47208	-0.02500
31.66497	-0.02628
32.13198	-0.02822
32.34518	-0.03015
32.46701	-0.02242
32.75127	-0.02387
32.92386	-0.03160
32.99492	-0.02580
33.18782	-0.02339
33.31980	-0.03031
33.39086	-0.02451
33.62437	-0.02419
33.81726	-0.02854
33.89848	-0.02564
34.14213	-0.02483
34.30457	-0.03047
34.38579	-0.03111
34.60914	-0.02999
34.75127	-0.03031
34.83249	-0.03256
35.06599	-0.02789
35.21827	-0.02596
35.29949	-0.02950
35.51269	-0.02789
35.66497	-0.02242
35.74619	-0.03256
36.01015	-0.02741
36.20305	-0.02612
36.32487	-0.02773
36.69036	-0.02854
36.92386	-0.02564
37.05584	-0.02854
37.48223	-0.02854
37.78680	-0.02950
37.94924	-0.03111
38.40609	-0.02886
38.67005	-0.02982
38.83249	-0.02902
39.22843	-0.03063
39.45178	-0.02709
39.57360	-0.02612
39.86802	-0.02709
40.02030	-0.02693
40.08122	-0.02870
40.28426	-0.02918
40.43655	-0.02982
40.49746	-0.02838
40.72081	-0.02854
40.87310	-0.02838
40.93401	-0.03111
41.08629	-0.02854
41.22843	-0.02564
41.28934	-0.03176
41.45178	-0.02693
41.58376	-0.03079
41.64467	-0.02966
41.84772	-0.02628
42.02030	-0.03047
42.08122	-0.02789
42.33503	-0.02709
42.48731	-0.03111
42.54822	-0.02661
42.80203	-0.02677
42.99492	-0.03079
43.07614	-0.03079
43.30964	-0.02918
43.43147	-0.02516
43.49239	-0.03401
43.74619	-0.02709
43.92893	-0.02999
44.01015	-0.03031
44.27411	-0.03176
44.45685	-0.03111
44.53807	-0.02773
44.81218	-0.02516
44.99492	-0.02822
45.07614	-0.03143
45.30964	-0.03272
45.47208	-0.02934
45.54315	-0.02564
45.75635	-0.02886
45.89848	-0.03047
45.97970	-0.02757
46.19289	-0.02886
46.34518	-0.02661
46.41624	-0.03449
46.61929	-0.03031
46.78173	-0.03224
46.85279	-0.02644
47.14721	-0.02854
47.36041	-0.02403
47.46193	-0.03015
47.80711	-0.03063
48.02030	-0.03127
48.12183	-0.02644
48.39594	-0.03047
48.61929	-0.02548
48.72081	-0.02838
49.00508	-0.02902
49.20812	-0.03031
49.28934	-0.03465
49.52284	-0.03256
49.67513	-0.02451
49.73604	-0.02596
49.90863	-0.02258
50.01015	-0.02596
50.05076	-0.02725
50.16244	-0.02709
50.25381	-0.02950
50.30457	-0.02516
50.45685	-0.03385
50.57868	-0.02644
50.62944	-0.02805
50.78173	-0.02934
50.89340	-0.02822
50.94416	-0.03063
51.10660	-0.02500
51.25888	-0.02628
51.32995	-0.02693
51.53299	-0.03031
51.67513	-0.02757
51.74619	-0.03047
51.96954	-0.02918
52.10152	-0.02966
52.17259	-0.02467
52.36548	-0.02854
52.48731	-0.02822
52.55838	-0.02934
52.71066	-0.02709
52.81218	-0.02982
52.85279	-0.02500
52.98477	-0.02918
53.06599	-0.02467
53.10660	-0.03240
53.22843	-0.02693
53.30964	-0.02805
53.34010	-0.02661
53.47208	-0.02902
53.60406	-0.02451
53.67513	-0.02548
53.92893	-0.02709
54.09137	-0.02789
54.16244	-0.02741
54.35533	-0.02500
54.50761	-0.02757
54.58883	-0.02838
54.81218	-0.03015
54.97462	-0.03095
55.05584	-0.02709
55.26904	-0.02838
55.42132	-0.02757
55.50254	-0.02950
55.75635	-0.02596
55.92893	-0.02644
56.00000	-0.02677
56.25381	-0.02741
56.41624	-0.02805
56.49746	-0.03127
56.78173	-0.02709
56.92386	-0.02902
56.98477	-0.02789
57.15736	-0.02596
57.30964	-0.03079
57.37056	-0.02805
57.58376	-0.02902
57.73604	-0.02709
57.79695	-0.02982
57.98985	-0.02371
58.14213	-0.02757
58.21320	-0.02661
58.42640	-0.02661
58.57868	-0.02789
58.65990	-0.02741
58.88325	-0.03256
59.04569	-0.02500
59.13706	-0.02661
59.46193	-0.02516
59.67513	-0.03240
59.79695	-0.02532
60.16244	-0.02548
60.34518	-0.02661
60.44670	-0.02838
60.70051	-0.02677
60.89340	-0.02902
60.99492	-0.02902
61.25888	-0.02886
61.42132	-0.02838
61.53299	-0.02387
61.86802	-0.02870
62.08122	-0.03192
62.19289	-0.02741
62.55838	-0.02661
62.79188	-0.02950
62.90355	-0.02870
63.24873	-0.02162
63.52284	-0.03176
63.66497	-0.02290
64.07107	-0.02548
64.25381	-0.03079
64.32487	-0.03240
64.53807	-0.02886
64.72081	-0.02982
64.84264	-0.02371
65.16751	-0.02725
65.40102	-0.02838
65.51269	-0.02789
65.93909	-0.02612
66.17259	-0.03047
66.29442	-0.02403
66.61929	-0.02483
66.83249	-0.02644
66.94416	-0.02580
67.30964	-0.02242
67.54315	-0.02870
67.69543	-0.02290
68.14213	-0.02548
68.46701	-0.02838
68.67005	-0.02387
69.22843	-0.02451
69.61421	-0.03015
69.82741	-0.02435
70.37563	-0.02677
70.71066	-0.02805
70.89340	-0.02274
71.37056	-0.02628
71.66497	-0.02741
71.80711	-0.02677
72.11168	-0.02628
72.29442	-0.02467
72.37563	-0.02612
72.62944	-0.02612
72.75127	-0.02371
72.82234	-0.02451
73.04569	-0.02129
73.21827	-0.02741
73.31980	-0.02129
73.58376	-0.02451
73.79695	-0.02483
73.93909	-0.02403
74.43655	-0.02838
74.76142	-0.02178
74.91371	-0.02210
75.37056	-0.02129
75.69543	-0.02661
75.88832	-0.01759
76.32487	-0.02435
76.58883	-0.02129
76.74112	-0.02001
77.15736	-0.02258
77.43147	-0.01437
77.58376	-0.01341
77.98985	0.01573
78.26396	0.07238
78.43655	0.11826
78.91371	0.22755
79.22843	0.24429
79.39086	0.23447
79.78680	0.19729
80.06091	0.16156
80.19289	0.14707
80.55838	0.10329
80.77157	0.07480
80.87310	0.06772
81.14721	0.04228
81.32995	0.02538
81.42132	0.01750
81.71574	0.00913
81.92893	0.00124
82.04061	-0.00262
82.35533	-0.00890
82.57868	-0.01308
82.71066	-0.00954
83.04569	-0.01083
83.22843	-0.01212
83.30964	-0.01824
83.55330	-0.01807
83.71574	-0.01502
83.79695	-0.01598
84.03046	-0.01566
84.17259	-0.01534
84.26396	-0.01759
84.50761	-0.01582
84.68020	-0.02097
84.78173	-0.02306
85.08629	-0.01985
85.32995	-0.02001
85.48223	-0.01550
85.95939	-0.01936
86.30457	-0.02178
86.49746	-0.02403
86.98477	-0.02242
87.26904	-0.01968
87.43147	-0.02323
87.82741	-0.02371
88.04061	-0.02113
88.14213	-0.01679
88.42640	-0.01888
88.61929	-0.01904
88.70051	-0.02145
88.91371	-0.02339
89.05584	-0.01630
89.13706	-0.02387
89.35025	-0.02371
89.48223	-0.02371
89.57360	-0.02290
89.80711	-0.01807
89.95939	-0.02290
90.04061	-0.02097