Black Body Radiation Experiment Fri, Nov 29, 2024 1:17 PM
Sensor Position (Degrees)	Light Intensity (Volts)
0.00000	-0.02306
0.00000	-0.02709
0.00000	-0.02274
0.00000	-0.02403
0.00000	-0.02226
0.00000	-0.02403
0.00000	-0.02355
0.00000	-0.02081
0.00000	-0.02081
0.00000	-0.02371
0.00000	-0.02757
0.00000	-0.02773
0.00000	-0.02371
0.00000	-0.02065
0.00000	-0.02129
0.00000	-0.02516
0.00000	-0.02403
0.00000	-0.02886
-0.01015	-0.02564
-0.01015	-0.02242
-0.01015	-0.02355
-0.01015	-0.02065
-0.01015	-0.02451
-0.01015	-0.01968
-0.01015	-0.02129
-0.01015	-0.02387
-0.01015	-0.02548
-0.01015	-0.02467
-0.01015	-0.01888
-0.01015	-0.02242
-0.01015	-0.02097
-0.01015	-0.02532
-0.01015	-0.02435
-0.01015	-0.02403
-0.01015	-0.02097
-0.01015	-0.01824
-0.01015	-0.02081
-0.01015	-0.02081
-0.02030	-0.02274
-0.02030	-0.02516
-0.02030	-0.02323
-0.02030	-0.01952
-0.02030	-0.02242
-0.02030	-0.02210
-0.02030	-0.02097
-0.02030	-0.02129
-0.02030	-0.02001
-0.02030	-0.02194
-0.02030	-0.01872
-0.02030	-0.01791
-0.02030	-0.01824
-0.02030	-0.01743
-0.02030	-0.02081
-0.01015	-0.02210
-0.01015	-0.01920
-0.01015	-0.02290
-0.01015	-0.02097
-0.01015	-0.01807
-0.01015	-0.01952
-0.01015	-0.01904
-0.01015	-0.01840
-0.01015	-0.01824
-0.01015	-0.02081
-0.01015	-0.02049
-0.01015	-0.01614
-0.01015	-0.02049
-0.01015	-0.01711
-0.01015	-0.02419
-0.01015	-0.01872
0.01015	-0.01872
0.05076	-0.02033
0.11168	-0.02306
0.16244	-0.02371
0.36548	-0.01952
0.50761	-0.02306
0.58883	-0.02290
0.73096	-0.01663
0.80203	-0.02097
0.84264	-0.01888
0.89340	-0.02129
0.89340	-0.01598
0.89340	-0.01647
0.95431	-0.02258
1.06599	-0.01904
1.18782	-0.01985
1.22843	-0.01952
1.30964	-0.02129
1.35025	-0.01711
1.36041	-0.02290
1.42132	-0.01872
1.48223	-0.02210
1.51269	-0.02001
1.64467	-0.01872
1.72589	-0.02242
1.78680	-0.02017
1.96954	-0.02210
2.12183	-0.01727
2.20305	-0.01824
2.35533	-0.02500
2.49746	-0.01936
2.54822	-0.01727
2.72081	-0.01904
2.81218	-0.01695
2.86294	-0.02081
2.98477	-0.01985
3.10660	-0.01630
3.16751	-0.02017
3.37056	-0.02290
3.52284	-0.02049
3.60406	-0.01904
3.89848	-0.01759
4.13198	-0.02258
4.22335	-0.02178
4.45685	-0.01453
4.60914	-0.02001
4.70051	-0.02097
5.04569	-0.01679
5.21827	-0.01840
5.27919	-0.01840
5.53299	-0.02065
5.67513	-0.02017
5.98985	-0.01759
6.21320	-0.02274
6.31472	-0.02145
6.64975	-0.02371
6.89340	-0.01582
7.00508	-0.01888
7.34010	-0.01904
7.57360	-0.02129
7.67513	-0.02033
7.96954	-0.01647
8.20305	-0.01888
8.35533	-0.02081
8.84264	-0.01985
9.09645	-0.01421
9.35025	-0.01824
9.52284	-0.01920
9.84772	-0.01469
10.04061	-0.01630
10.36548	-0.01550
10.50761	-0.01260
10.81218	-0.01196
11.01523	-0.01228
11.34010	-0.01453
11.51269	-0.01759
11.59391	-0.01502
11.84772	-0.01486
12.04061	-0.01051
12.35533	-0.01437
12.58883	-0.00842
12.79188	-0.00632
13.11675	-0.00681
13.24873	-0.00665
13.38071	-0.00858
13.56345	-0.00262
13.69543	-0.00745
14.01015	0.00156
14.17259	0.00060
14.21320	0.00221
14.45685	0.00768
14.52792	0.00526
14.59898	0.00816
14.84264	0.01186
14.95431	0.01573
15.19797	0.01991
15.36041	0.02265
15.68528	0.03665
15.87817	0.04325
16.26396	0.05468
16.44670	0.06514
16.85279	0.09202
17.07614	0.11005
17.50254	0.15528
17.75635	0.19342
17.96954	0.23383
18.36548	0.34151
18.57868	0.42376
18.79188	0.50762
19.19797	0.81553
19.31980	0.96586
19.41117	1.12537
19.59391	1.42814
19.70558	1.60390
19.78680	1.78241
19.93909	2.18143
20.01015	2.33112
20.09137	2.49192
20.27411	2.82430
20.39594	3.04321
20.67005	3.53657
20.87310	3.81310
21.11675	4.13906
21.68528	4.74301
21.97970	4.90704
22.21320	4.90849
22.60914	4.61005
22.82234	4.32803
22.93401	4.18509
23.20812	3.65874
23.43147	3.27613
23.51269	3.06382
23.85787	2.49997
24.08122	2.12429
24.19289	1.94997
24.53807	1.48061
24.75127	1.19265
24.86294	1.08336
25.22843	0.81151
25.49239	0.63976
25.85787	0.42955
26.06091	0.34634
26.34518	0.24139
26.53807	0.18634
26.86294	0.13226
27.06599	0.11037
27.16751	0.09637
27.45178	0.07399
27.65482	0.06015
27.75635	0.04953
28.09137	0.03408
28.30457	0.02538
28.40609	0.02297
28.75127	0.01911
28.95431	0.01540
29.04569	0.01380
29.30964	0.00365
29.49239	0.00703
29.58376	0.00269
29.83756	0.00768
30.04061	-0.00053
30.12183	0.00237
30.44670	0.00092
30.61929	-0.00182
30.72081	-0.00407
30.96447	-0.00552
31.12690	-0.00632
31.20812	-0.00793
31.44162	-0.00520
31.58376	-0.00987
31.66497	-0.00230
31.86802	-0.00294
32.02030	-0.00793
32.27411	-0.01083
32.43655	-0.00938
32.65990	-0.00954
32.84264	-0.00922
33.11675	-0.01292
33.35025	-0.01260
33.70558	-0.00713
33.94924	-0.00777
34.32487	-0.00922
34.57868	-0.00826
34.97462	-0.01003
35.22843	-0.00777
35.56345	-0.00922
35.75635	-0.01115
35.86802	-0.01051
36.11168	-0.01003
36.29442	-0.00954
36.38579	-0.01373
36.65990	-0.01212
36.84264	-0.00874
36.94416	-0.01486
37.27919	-0.01244
37.53299	-0.01598
37.72589	-0.01292
38.18274	-0.01308
38.52792	-0.02081
38.71066	-0.01389
39.17766	-0.01469
39.39086	-0.01164
39.51269	-0.01759
39.79695	-0.01341
40.02030	-0.01437
40.11168	-0.01180
40.35533	-0.01373
40.51777	-0.01357
40.58883	-0.01131
40.78173	-0.01421
40.94416	-0.01180
41.02538	-0.01711
41.22843	-0.01228
41.36041	-0.01663
41.42132	-0.01437
41.64467	-0.01099
41.82741	-0.01775
42.14213	-0.01083
42.34518	-0.01695
42.63959	-0.01518
42.83249	-0.01582
42.91371	-0.01775
43.19797	-0.01212
43.38071	-0.01389
43.64467	-0.00826
43.79695	-0.00938
43.86802	-0.01775
44.13198	-0.01292
44.29442	-0.01791
44.37563	-0.01695
44.60914	-0.01711
44.77157	-0.01775
44.84264	-0.01630
45.05584	-0.01679
45.24873	-0.01502
45.34010	-0.01260
45.62437	-0.01469
45.80711	-0.01341
46.11168	-0.01325
46.31472	-0.01647
46.57868	-0.01824
46.76142	-0.01824
47.05584	-0.01469
47.20812	-0.01196
47.51269	-0.01453
47.70558	-0.01244
47.96954	-0.01566
48.15228	-0.01663
48.41624	-0.01791
48.60914	-0.01920
48.89340	-0.02049
49.08629	-0.01534
49.17766	-0.02129
49.46193	-0.01486
49.65482	-0.01260
49.74619	-0.01550
50.02030	-0.01453
50.21320	-0.01550
50.30457	-0.01598
50.54822	-0.01453
50.75127	-0.01647
50.84264	-0.01920
51.13706	-0.01695
51.31980	-0.01486
51.41117	-0.01486
51.65482	-0.01148
51.80711	-0.01502
51.89848	-0.02097
52.22335	-0.01308
52.40609	-0.01727
52.49746	-0.01308
52.77157	-0.01550
52.97462	-0.01212
53.05584	-0.01566
53.32995	-0.01807
53.53299	-0.01647
53.62437	-0.01518
53.85787	-0.01534
54.03046	-0.01695
54.10152	-0.01630
54.34518	-0.01614
54.49746	-0.01695
54.56853	-0.01598
54.77157	-0.01695
54.89340	-0.01727
54.94416	-0.01936
55.16751	-0.01888
55.32995	-0.01711
55.41117	-0.01389
55.65482	-0.01856
55.84772	-0.01534
55.94924	-0.02065
56.20305	-0.01840
56.40609	-0.01824
56.49746	-0.01421
56.77157	-0.01486
56.95431	-0.01824
57.03553	-0.01759
57.28934	-0.01486
57.48223	-0.01663
57.59391	-0.01469
57.89848	-0.02226
58.10152	-0.01389
58.20305	-0.01405
58.49746	-0.01840
58.71066	-0.01840
58.81218	-0.01824
59.17766	-0.01663
59.42132	-0.01679
59.53299	-0.01888
59.93909	-0.01985
60.17259	-0.01405
60.30457	-0.01614
60.63959	-0.01647
60.86294	-0.01373
60.94416	-0.01421
61.23858	-0.01518
61.42132	-0.01550
61.51269	-0.01888
61.77665	-0.01647
61.92893	-0.02323
62.17259	-0.01743
62.33503	-0.01775
62.57868	-0.01743
62.72081	-0.01598
62.80203	-0.01614
63.11675	-0.01196
63.40102	-0.02129
63.55330	-0.01566
63.91878	-0.01952
64.15228	-0.01695
64.26396	-0.01260
64.58883	-0.01244
64.82234	-0.01244
64.92386	-0.02097
65.18782	-0.01791
65.27919	-0.01502
65.32995	-0.01341
65.54315	-0.01341
65.71574	-0.01437
65.78680	-0.01566
65.92893	-0.01952
66.01015	-0.01679
66.06091	-0.01968
66.30457	-0.01936
66.52792	-0.01518
66.62944	-0.01582
66.93401	-0.01727
67.12690	-0.01630
67.22843	-0.01598
67.54315	-0.01437
67.76650	-0.01341
67.86802	-0.01791
68.09137	-0.02001
68.22335	-0.01276
68.28426	-0.01614
68.39594	-0.01952
68.44670	-0.01824
68.46701	-0.01775
68.60914	-0.01405
68.76142	-0.01856
68.84264	-0.01711
69.12690	-0.01357
69.30964	-0.01260
69.40102	-0.01630
69.70558	-0.01630
69.93909	-0.01148
70.06091	-0.02017
70.35533	-0.01711
70.60914	-0.01341
70.77157	-0.01775
71.25888	-0.01453
71.56345	-0.00890
71.71574	-0.01196
72.16244	-0.01534
72.49746	-0.00954
72.69036	-0.01148
73.15736	-0.00842
73.48223	-0.01019
73.67513	-0.00616
74.22335	-0.00954
74.52792	-0.01325
74.74112	-0.00987
75.27919	-0.01228
75.67513	-0.00987
75.90863	-0.01164
76.53807	-0.00826
76.89340	0.00623
77.09645	0.02522
77.51269	0.20952
77.78680	0.40637
77.92893	0.51518
78.30457	0.70946
78.52792	0.71284
78.64975	0.69706
78.95431	0.61980
79.13706	0.54914
79.22843	0.50536
79.47208	0.40348
79.64467	0.34183
79.73604	0.30754
80.06091	0.23704
80.30457	0.20179
80.41624	0.18361
80.75127	0.11713
81.02538	0.08574
81.17766	0.07641
81.61421	0.04776
81.87817	0.03488
82.01015	0.02989
82.40609	0.02136
82.72081	0.01396
82.89340	0.01524
83.32995	0.00864
83.63452	0.00848
83.77665	0.00382
84.12183	0.00156
84.29442	-0.00294
84.36548	-0.00311
84.50761	-0.00327
84.55838	-0.00198
84.58883	-0.00520
84.68020	-0.00246
84.77157	-0.00488
84.84264	-0.00713
85.10660	-0.00085
85.32995	-0.00278
85.46193	-0.00600
85.81726	-0.00423
86.06091	-0.00536
86.22335	-0.00182
86.63959	-0.00005
87.04569	-0.00584
87.22843	-0.00858
87.75635	-0.00278
88.03046	-0.00906
88.18274	-0.00262
88.46701	-0.00552
88.52792	-0.00520
88.51777	-0.00890
88.50761	-0.00970
88.50761	-0.00922
88.50761	-0.00987
88.51777	-0.00278
88.52792	-0.00810
88.57868	-0.00745
88.64975	-0.01035
88.73096	-0.01148
88.77157	-0.00842
88.80203	-0.00488
88.79188	-0.00423
88.79188	-0.00568
88.84264	-0.00584
88.87310	-0.00729
88.90355	-0.00745
88.93401	-0.00568
89.03553	-0.00439
89.13706	-0.00697
89.16751	-0.00375
89.32995	-0.00665
89.48223	-0.00649
89.56345	-0.00681
89.78680	-0.00552
89.92893	-0.00826
90.00000	-0.00021